deal_match_id,organisation_id,deal_id,provider_id,provider_mandate_id,match_score,score_scale,match_reasons,status,decline_reason,last_contacted_at,next_follow_up_at,assigned_user,matched_at,score_source,synthetic
MATCH-SOUTHERN-ABC,ORG-DEMO-001,DEAL-SOUTHERN-001,CP-ABC-PRIVATE-CREDIT,MAN-ABC-001,94,0-100,Manufacturing;requested amount range;senior security,INTERESTED,,2026-09-25T09:15:00+12:00,,USR-ALEX-001,2026-09-25T09:00:00+12:00,Hand-authored prompt example; not engine output,true
MATCH-SOUTHERN-SOUTHERN,ORG-DEMO-001,DEAL-SOUTHERN-001,CP-SOUTHERN-CAPITAL,MAN-SOUTHERN-001,89,0-100,Manufacturing;acquisition;facility size,WAITING,,2026-09-25T10:00:00+12:00,2026-09-30T09:00:00+12:00,USR-JORDAN-001,2026-09-25T09:00:00+12:00,Hand-authored prompt example; not engine output,true
MATCH-SOUTHERN-HARBOUR,ORG-DEMO-001,DEAL-SOUTHERN-001,CP-HARBOUR-CREDIT,MAN-HARBOUR-CREDIT-001,84,0-100,Manufacturing;security overlap,DECLINED,LEVERAGE_TOO_HIGH,2026-09-25T11:00:00+12:00,,USR-ALEX-001,2026-09-25T09:00:00+12:00,Hand-authored prompt example; not engine output,true
MATCH-SOUTHERN-PACIFIC,ORG-DEMO-001,DEAL-SOUTHERN-001,CP-PACIFIC-CAPITAL,MAN-PACIFIC-001,79,0-100,Manufacturing;GSA;acquisition purpose,CONTACTED,,2026-09-25T12:00:00+12:00,2026-09-29T09:00:00+12:00,USR-JORDAN-001,2026-09-25T09:00:00+12:00,Hand-authored prompt example; not engine output,true
MATCH-SOUTHERN-KAURI,ORG-DEMO-001,DEAL-SOUTHERN-001,CP-KAURI-PRIVATE-CREDIT,MAN-KAURI-PRIVATE-001,74,0-100,Manufacturing;acquisition,NOT_CONTACTED,,,,USR-ALEX-001,2026-09-25T09:00:00+12:00,Hand-authored prompt example; not engine output,true
MATCH-FAB-ABC,ORG-DEMO-001,DEAL-FAB-002,CP-ABC-PRIVATE-CREDIT,MAN-ABC-001,,,Historical synthetic outcome,INTERESTED,,2025-07-02T10:00:00+12:00,,USR-ALEX-001,2025-07-01T09:00:00+12:00,Not supplied; do not recalculate,true
MATCH-FAB-SOUTHERN,ORG-DEMO-001,DEAL-FAB-002,CP-SOUTHERN-CAPITAL,MAN-SOUTHERN-001,,,Historical synthetic outcome,DECLINED,RETURN_TOO_LOW,2025-07-03T11:00:00+12:00,,USR-JORDAN-001,2025-07-01T09:00:00+12:00,Not supplied; do not recalculate,true
MATCH-FAB-HARBOUR,ORG-DEMO-001,DEAL-FAB-002,CP-HARBOUR-CREDIT,MAN-HARBOUR-CREDIT-001,,,Historical synthetic outcome,INTERESTED,,2025-07-02T12:00:00+12:00,,USR-ALEX-001,2025-07-01T09:00:00+12:00,Not supplied; do not recalculate,true
MATCH-FAB-PACIFIC,ORG-DEMO-001,DEAL-FAB-002,CP-PACIFIC-CAPITAL,MAN-PACIFIC-001,,,Historical synthetic outcome,CONTACTED,,2025-07-02T13:00:00+12:00,,USR-JORDAN-001,2025-07-01T09:00:00+12:00,Not supplied; do not recalculate,true
MATCH-FAB-KAURI,ORG-DEMO-001,DEAL-FAB-002,CP-KAURI-PRIVATE-CREDIT,MAN-KAURI-PRIVATE-001,,,Historical synthetic outcome,NOT_CONTACTED,,,,USR-ALEX-001,2025-07-01T09:00:00+12:00,Not supplied; do not recalculate,true
MATCH-HEALTH-ABC,ORG-DEMO-001,DEAL-HEALTH-003,CP-ABC-PRIVATE-CREDIT,MAN-ABC-001,,,Historical synthetic outcome,TERMS_RECEIVED,,2025-03-02T09:00:00+12:00,,USR-ALEX-001,2025-03-01T09:00:00+12:00,Not supplied; do not recalculate,true
MATCH-HEALTH-SOUTHERN,ORG-DEMO-001,DEAL-HEALTH-003,CP-SOUTHERN-CAPITAL,MAN-SOUTHERN-001,,,Historical synthetic outcome,WAITING,,2025-03-03T10:00:00+12:00,,USR-JORDAN-001,2025-03-01T09:00:00+12:00,Not supplied; do not recalculate,true
MATCH-HEALTH-PACIFIC,ORG-DEMO-001,DEAL-HEALTH-003,CP-PACIFIC-CAPITAL,MAN-PACIFIC-001,,,Historical synthetic outcome,DECLINED,WRONG_SECTOR,2025-03-03T11:00:00+12:00,,USR-JORDAN-001,2025-03-01T09:00:00+12:00,Not supplied; do not recalculate,true
MATCH-HEALTH-KAURI,ORG-DEMO-001,DEAL-HEALTH-003,CP-KAURI-PRIVATE-CREDIT,MAN-KAURI-PRIVATE-001,,,Historical synthetic outcome,DECLINED,DEAL_TOO_SMALL,2025-03-03T13:00:00+12:00,,USR-ALEX-001,2025-03-01T09:00:00+12:00,Not supplied; do not recalculate,true
