period_id,company_id,period_start,period_end,period_type,currency,revenue,gross_profit,ebitda,ebit,net_profit_after_tax,operating_expenses,interest_expense,depreciation_amortisation,tax_expense,cash_flow_from_operations,cash,total_assets,total_liabilities,shareholders_equity,gst_basis,source_document,source_note,broker_verified,synthetic
FIN-KOWHAI-2023,CO-KOWHAI-001,2022-04-01,2023-03-31,historical_actual,NZD,2400000,840000,280000,210000,78000,560000,82000,70000,50000,190000,,,,,exclusive,FY2023 fictional financial statements,Illustrative figures only,false,true
FIN-KOWHAI-2024,CO-KOWHAI-001,2023-04-01,2024-03-31,historical_actual,NZD,2600000,910000,340000,260000,104000,570000,90000,80000,66000,230000,,,,,exclusive,FY2024 fictional financial statements,Illustrative figures only,false,true
FIN-KOWHAI-2025,CO-KOWHAI-001,2024-04-01,2025-03-31,historical_actual,NZD,2850000,1000000,390000,300000,142000,610000,110000,90000,48000,320000,180000,3800000,2150000,1650000,exclusive,FY2025 fictional management accounts; accountant summary revenue differs,Management accounts say revenue 2850000; separate accountant summary says 2800000,false,true
FIN-SOUTHERN-2024,CO-SOUTHERN-001,2023-04-01,2024-03-31,historical_actual,NZD,27000000,10000000,3500000,2900000,1670000,6500000,650000,600000,580000,2400000,,,,,exclusive,FY2024 fictional financial statements,Illustrative borrower-only figures,false,true
FIN-SOUTHERN-2025,CO-SOUTHERN-001,2024-04-01,2025-03-31,historical_actual,NZD,30000000,11200000,3900000,3200000,1800000,7300000,800000,700000,600000,3100000,,,,,exclusive,FY2025 fictional financial statements,Illustrative borrower-only figures,false,true
FIN-SOUTHERN-2026,CO-SOUTHERN-001,2025-04-01,2026-03-31,historical_actual,NZD,33000000,12400000,4300000,3500000,1930000,8100000,900000,800000,670000,3500000,,,,,exclusive,FY2026 fictional financial statements,Standalone borrower figures; target values are in transaction_details.csv,false,true
FIN-SOUTHERN-YTD-2027,CO-SOUTHERN-001,2026-04-01,2026-08-31,year_to_date_actual,NZD,14000000,5200000,1800000,1450000,790000,3400000,360000,350000,300000,1450000,,,,,exclusive,FY2027 fictional management accounts,Five months YTD; not annualised,false,true
FIN-FAB-2025,CO-FAB-001,2024-04-01,2025-03-31,historical_actual,NZD,18000000,6300000,1540000,1240000,690000,4760000,350000,300000,200000,1250000,,,,,exclusive,FY2025 fictional financial statements,Illustrative historical deal data; net debt 1580000 divided by EBITDA 1540000 rounds to 1.03x,false,true
FIN-HEALTH-2025,CO-HEALTH-001,2024-04-01,2025-03-31,historical_actual,NZD,7200000,2800000,900000,720000,357000,1900000,210000,180000,153000,650000,,,,,exclusive,FY2025 fictional financial statements,Illustrative historical deal data; net debt 900000 divided by EBITDA 900000 equals 1.00x,false,true
